OviNegrean,11226,78835877 
StartUpNetz,151,773957236397842433 
BertBlancheton,19532,449689918 
micromanagerapp,1629,946954957 
TheAmberMonaco,869,1674312607 
nylimadymyces,183,1666787718 
AlfaiaCollins,11,764197132291022848 
edelston_yaja,19,1669797985 
bookishgirll,2005,499972392 
pandeysaurabh,1169,16718955 
AskAaronLee,498115,25458378 
katelynn_rivena,632,762515905938980864 
hodipehyhor,83,1650169362 
B2Bspecialist,16309,16491888 
ryan_a_bell,25495,2984872862 
ThinkAndFeel77,352,3993180879 
gisujosymuqy,13,1636496682 
d491fb90f4c046a,8,3314141855 
danielcagraham,2914,234400956 
brumiranda,2475,14049940 
mr_ibi1,146,479398822 
AvanishwaraC,352,1670213034 
Jonas419,387,16366639 
karawaane,1041,12081042 
xipusomajyx,587,2486315323 
ac11215,318,384888491 
Serge_Nosov,43,754705334887936000 
PCornillot,269,1674735961 
agencyabacus,177,759425548615647234 
KBakkora,656,1492726572 
MartijnBoer,3715,4829297999 
JamieOandCo,5954,20216804 
TamacMcMillan,262,573243197 
yrobsonyrobinho,280,3396138407 
StrategicMrktg,355,3321745124 
HMatteoli,312,1670053087 
petervandeusen,5527,426482239 
Red_Web_Design,204715,343283519 
BoKnowsMarkting,168484,253207647 
pracwis,440,14248567 
eBrandz,15438,15273572 
LefridgeAigeus,272,1663316407 
corofozukaj,413,1958011136 
YourNextDigital,323,746594488861089792 
Roule_Britannia,7,734697239252193280 
StartupSupaStar,105744,1685042425 
NancyBadillo13,289376,213119979 
CHRISTIIANORTI1,10,758640502925357056 
MediaInconnu,22,758606595051913216 
skyrisecities,1370,2565860617 
OrtizChristiian,12,757956467559374848 
philhaid,1207,24796781 
ippolitimatteo,191,32266429 
anderlarn,18,756605084532875264 
LoftyFollows,31282,356236227 
BensTinyworld,0,42065782 
QueenAnnesGate,870,18989525 
SecretWeaponMda,344,491078679 
newman2353,15,1152635126 
joe_frasca,15,230756598 
HrishiTomar,24121,211063953 
EdrisForoughi,10,468344384 
lwebcoupons,1503,4805621317 
rotcp,8,84574481 
lstrickland27,1787,53293254 
40billion,236965,48572412 
SocialCami,362,747550898159681536 
RostikNika,311,728613178582683649 
galinarysycka,335,728614436387360768 
wernerbella61,386,728519124452835328 
KotenkoInga,349,728520549505355776 
wanessmark,55459,3002910875 
AdelinaHeft,2369,2956385276 
subratb005,81,215612864 
sdavidbloom,2224,321489177 
Lurniture,896,2591843508 
StartupChron,147812,28610770 
DiegoRemus,7711,15773071 
raqujefabaxa,355,2488144148 
lyxykebilery,688,2488741525 
dszeptycki,108,326846331 
community4biz,48910,46113908 
Jikylaywer,287,743347211417718788 
Expat_Aussie,8896,20493684 
guybunker,3082,21409112 
CrowdifyClub,88909,28971190 
MasseJules,506,293800506 
ArtiDesigns,238,1423992804 
StuStatt,40377,3910526716 
luisanorema,324,3273294524 
GalinaJulien,17,725677315909259268 
RachaelT_MBSE,716,742512251744161792 
kykimyjybaq,517,2487661243 
waliddaoud2903,23,744218106608877568 
the_ArtGallery,153,738073034406416384 
BuzzYourStartup,681,718730355629498368 
xezezegywibo,330,1658888294 
fmartinreyes,1310,230595548 
Ivanchild,2447,102691522 
jobhubble,559,625854633 
ferryman_robbie,1104,741444562707587072 
MSinanPala,20707,23688032 
catheri89666725,518,741135113644331009 
ahussam,1570,25881486 
InspirebyMay,711,455944775 
Leadpages,22137,625874285 
CooeeGifts,11207,3107438441 
SocialQC,11279,237837126 
SinghLions,182861,15210670 
khalmarri,570,22313781 
michellekostya,2614,6713202 
plaidshortsca,138,717679570376232960 
WoollySocial,2837,738555960990572545 
BeckyCorf,271,53949653 
KTN_Creative,15063,43357195 
javiergil23,3594,43821805 
majosemoralesr,1558,348811136 
DewiEirig,3581,19086504 
aaxn_nin,368,732070199550054400 
chrrrmaine,1330,198496763 
FiftySquidVideo,120495,3238484015 
MyBoostSite,6928,2720884051 
vasile_stoica,4404,118115812 
YudithMachado,3869,355959356 
sdutta3000,1828,736505324153110529 
JosephLCameron,1277,15755120 
aoonsafdar,50055,99668269 
galochkashashk2,157,739706762647871488 
julio_dx,1136,13189952 
MikeNuijs,1308,498294219 
Misablis,1143,1101801366 
joseph_carrozza,45261,1924528525 
WeightlessSIG,7449,374050985 
TOMSHARMANWEB,9938,385925115 
madsKeriksen,9491,1429955264 
linagonzalezmor,5656,1129388467 
kkapoor10,99,159584138 
eric_twittando,130157,47715705 
brandiparigian,1975,138788304 
BiancaJSmith,2720,64073580 
Merentia,27448,22746278 
DeguMedia,30801,1162347324 
BigDataTO,423,4379712558 
Careerstopher,97,2550741246 
Deepaksharma_19,539,1302348079 
nadia_toronto,888,459792108 
FridgeBusiness,64180,2292972535 
N_O_P_A,1911,1301101646 
bethanyvinton,65,4861941664 
priyakm,228,35910974 
RealityMineTech,1480,550652594 
lookthinkmake,1566,151142933 
JosephTokish,1654,3131106873 
jasleensandhu04,40,733260649631911937 
DanielGoldwater,145,21585967 
AliveDigitalMar,226,4870985618 
cfndrs,2103,933206185 
wysecixilew,524,2166610244 
JRamsbunctious,70606,274025383 
whatt_da_fuckk,3149,4826505046 
ipekarik,608,90163416 
botuvynysug,720,1639472509 
lietcoinc,327,4880245054 
CoreAlerts,886,4571433447 
CBdetail,3,4858722531 
Shamils18,1478,321973819 
GlobalDaniKay,2095,2285569891 
BlairMcGavin,10019,14193073 
colemanjaro,584,303926928 
britektire,179131,2316144061 
justine_perry,5490,2195219454 
CMX,14324,568617811 
emily_triplett3,512,3438147112 
iSocialFanz,83575,633287684 
recuweb,14934,2300497376 
BlackCanaryCafe,920,284317977 
SociallyIN,674,298607494 
nadaashi,53,85174413 
Davisotoney,3414,42458266 
montway,2724,67866383 
JRosellenM,23964,81816033 
Migueluis,1290,48971796 
cywuhydykib,966,1955465840 
GeorgieboySJ,663,770632584 
cixadafinoz,36,1654806750 
emz_moosa,503,378628655 
ProCivCalderara,94,3230337285 
FamiyaFurqan,134,705014167468642304 
helenekelly991,2150,4878139018 
B2BMavens,13,721775304470093824 
TSM_ContMark,6538,1650093396 
sociallyclimb,728,438800204 
JadeKirrie,885,219389289 
BufferChatChat,1811,3381517811 
HannahBKelly,262,166091082 
SnehaSalke,231,554997424 
JBDigStrat,99,2908520942 
SociableJim,1069,177028172 
riddleApp,16401,2414626382 
fedecosentino,4672,12419432 
MindVisionADL,192,4886954353 
MattsFrigian,1125,3714113239 
contentfloww,5254,714192332577501185 
fbilling,353,72832554 
googleexam,72,63090923 
siddikahmed93,292,3140609708 
Lauren_Howell1,599,188184598 
khevan_,389,332634863 
socialistik3,2165,3992535139 
Jess_Tupper,2490,19377457 
businomarketing,844,717640258498772993 
jacquilaflamme,1121,2601949734 
yrlinkedincoach,49786,1651833200 
BrigBoo,895,240822738 
healthSwapp,723,2830626438 
avnishrpatel,520,184107165 
Salute_Vera,935,244006154 
joegill88,2415,15649530 
queenfrell,120,800958408 
Bjp_Congress,55,713763949729042432 
alvinjoe69,2612,3159863178 
Motivation_Mode,1067,707386173337919489 
Stultzmatt,1870,545701392 
carey_casile,67,3659320095 
AylaMoose,266,3365157269 
AdvanceDotTo,11703,579885463 
specialopscia,7,712453516099506176 
VonHeisenburg,16,2830220113 
BeeAreHaze,111,117874931 
FarhanPatel08,646,323402943 
moffittk,20315,13721752 
komal0068,14553,3314934950 
hondaoffife,195,101861100 
kissflow,3441,456606079 
drwalsh15,159,343840730 
martinmassel,779,20646853 
CTOboost,854,4260568992 
sauravricky,309,3373064712 
J_Rouser,1176,504766853 
dsbrophy,2718,1964808092 
RichardTWong,994,30085900 
QuietlyContent,1793,948365688 
richysantoro,454704,2475352946 
TSM_inbound,49115,1577210616 
turn8hub,2933,1380086702 
3ITK_pod,52,4843114336 
DennisOosterman,1278,18419299 
1500Directories,396,3412688254 
elizabarkane,265,378570724 
yairw,75,24901147 
HootAJ,1273,2727470912 
hermibp,97,76671451 
bukowski33,3550,191904693 
lexi1787,37,3284945990 
ALEX_McLEOD_,3716,147275893 
tribe_113,307,3239820311 
lexica_editing,148,2884595578 
JUAN_PATAMA,234928,1359396745 
MexicoAngelsDen,1435,2153963108 
dawsonbcole,25,4693001838 
MeredithMorrow,322,340687616 
MEDIAinTORONTO,4166,344865382 
DOZCOM,1339,528388524 
ClearPier,181,2724660775 
goldberg_r,193,134859480 
MGeorgiou22,1929,2281189688 
SonamWangyal,110,23519925 
socialstartnow,603754,3075079049 
socmrktng,128825,4363287382 
subhobrotoc,739,234695309 
sourcePOV,6403,20545925 
WriberInc,518,991589743 
Nick_AffAcc,1254,4751787855 
DrYorikoTodd,41405,86283370 
ShariPaul,1394,25451775 
Rachael__Paul,498,3711986356 
FIH_Hockey,77769,205200786 
valerialandivar,91212,35324599 
DreaPeking,2643,19379419 
LAutomation,2695,558652396 
BiomedicalZone,1602,3774449242 
alberMoire,1652,277595902 
EdvinAlexanders,5286,4547166868 
drivetrafficseo,5166,505780168 
sarahkmorgano,735,22942563 
Wilde_Agency,2595,18026782 
TJPortfolioTech,359,4561389134 
ItsIdilOmar,1488,1652940824 
MoneyMikeCom,68534,2430010441 
mediame_jas,1394,515447515 
Ever_Seller,827,4622438601 
LawTrades,14564,1078398283 
SWrightBoucher,6813,18367578 
AdeldMeyer,31445,151805556 
Snazzi_82,46,4812912331 
BellwoodHealth,548,380593577 
BrianMulawka,2190,19679533 
freshhbite,458,4829847671 
robchristianson,3533,9266222 
RhondaHugs,956,17200717 
SmartBugMedia,842,16853317 
megdewaele,664,312144089 
lisadbudzinski,2410,14648493 
stephelisecarls,19482,21672825 
SportStartupGuy,191,458445842 
danscu2,18,4892458612 
RyersonFutures,1494,1071368468 
hashbabble,0,4899336263 
affan_imran,500,18968588 
zonesportsmedia,91,4902439072 
joannase,300,138350899 
TinyAxeDigital,259,4740261955 
jessicadoylep,1563,558646282 
DonTaylorIII,2159,19596240 
sarahkwalters,2296,343037227 
erinhesselink,1455,163882219 
KatyElleBlake,1495,474355673 
NextDoorSocial,115,4726562363 
JaronHRin,2878,2849941933 
LatAmStartupsCo,2402,2309990754 
sharonmostyn,5650,60962349 
CardozaGab,11813,3355904175 
_CelebrityTimes,22712,26278342 
YellowJelly,8909,20149886 
LikeableChelsey,971,1363126256 
Inbound_Mike,43132,191920757 
DaniMcSmith,1926,89782106 
medialegacy,216,3912276538 
ghadywaly,1254,306422361 
ClaireWiggill,70,382232034 
humancapitalben,104,321377950 
kavita1010,3067,991799581 
llminnis,564,2743635702 
andymci,2567,7219552 
SharonMendozaTX,1418,189271108 
liamonsocial,258,4854770603 
JoyceTammany,65,1637038969 
TheSamplerApp,1440,1944841758 
HoopVideos_NET,753,2358540601 
TELUSBusiness,22389,70735224 
EdInOakland,1461,105289410 
jdjurkic,961,2340514694 
simone_lai,505,163719096 
SHAREForCures,3193,2888666764 
awaazEnt,381,3317370756 
Roojoom,2238,459577350 
DeepDj02,209,1464359918 
eThrive,243485,116909103 
MartinSteinUSA,786,254714599 
ShellyKramer,103012,18460854 
eB2B_entertain,18912,743057700 
PamelaAtherton4,791,4651009217 
hpiceda,2100,8788082 
iRossBrand,9255,797816052 
AnneMarieLevis,860,15702391 
eason_kyle,4299,278223827 
theallianceuk,245,3298546160 
NewSunSEO,39711,15951028 
DigitalVaaradhi,2611,4582347252 
t_merritt1,2592,29908834 
tonytellez,1480,14692302 
BeatDigitalMkt,2560,939853778 
HrefMarketing,3797,759246032 
SocHospitality,6726,208186369 
lifeofwade,3470,531208154 
laura_pursglove,78,4759062737 
Imani_ModereSM,527,4356619577 
SuzanneBishops1,53,4726871061 
leahquesada,569,308215782 
sandyetiapp,1589,3301851285 
warnermichelle3,517,3842568494 
larrimfjonez,1669,2463263574 
OpaBarAndCafe,176,4758506592 
oliverheesch,78,1101319202 
topvaservice,23111,2938824786 
V_Marmoreo,2145,2698099243 
BobPickard,67073,18507505 
chris_salazar,18202,2788121 
profitartist,772,20315903 
bitanton,181906,115077998 
NormaGrofhurst,121,4726138876 
ShimmerTechno,841,555397644 
NavneetSau,16881,295096707 
jessesmo,59,35375938 
MissKemya,12879,137765649 
jlmacaskill,2571,339137723 
happysmiles247,4293,193819186 
Toncuz,1504,76553631 
Magnus_Thell,852,17832299 
Rob1One,4002,31171772 
Gigi_Peterkin,1884,41632954 
CreativationMkt,179,3750004402 
BloggerSaurabh,1739,21470237 
carlosjperezr,3987,506419639 
SurroundTips,59,4096800610 
safe_cut,6729,2905844757 
SignologyAu,1405,3376909519 
MukherjeePritha,218,386647570 
GillOSullivan,5030,61633679 
gvsuAPR,482,3909491064 
MojoCreator,10018,40056259 
ThePRMG,1263,66004728 
Inspiration911,4011,38303971 
acatalanello,5183,48048211 
AventuraParkSq,696,3018371973 
DimitriosGogos,349,214500241 
AnaLuciaNovak,28302,12861132 
Powermarketingw,988,3804105621 
LocalMediaDubai,425,3299354882 
ranjit956713,1677,3123410983 
dhunterdigital,1280,17009871 
ninaerceggogic,83,4093727529 
kwanstaa,1010,343193435 
ideagirlmedia,12871,223527899 
BionicSocialite,6641,187774322 
PRisUs,3866,28384075 
antonelneculai,2765,21262909 
DavidSmethie,59050,405080059 
foximacros,206,4745022943 
dshiao,8928,11164352 
ROzankan,2624,1072660489 
FinallyPOC,1148,421367628 
firstclickinc,28129,86335582 
TECHMarket,419,14569701 
kkopacz1,3662,2421565783 
lachlanquintana,2669,1597267676 
AmyGHoward,1328,4561931282 
elisadalbosco,5300,75638085 
keithmediamrktg,4843,935943079 
pureresiduals,28051,1630543472 
rudepen,330,104739452 
AlesMole,2677,4276417942 
JoshStAubin,7375,23098524 
OSKARmz,1418,156739053 
AllegroSocial,885,4332259001 
gemswartz,1892,2975535713 
Rehearsaldinner,2809,47747158 
mar10s,4289,6743302 
EmmaDMarketing,12943,32437966 
MarketingLetter,12662,130317831 
frombrendan,1112,3014730261 
BigHeartMel,2716,572364348 
ctsmithiii,3883,15307725 
pier61,7841,68722340 
PaulCesarSEM,3709,718756777 
skydog811,13255,39740454 
MarktheSpaman,23150,54406648 
AmyG44,1636,20340969 
socialhelp,39038,18519457 
MalharBarai,6553,57591036 
HaydenARichards,9217,249613529 
Akkicena1,2673,2319194739 
Nirodha88,135601,388388380 
WordEvent,1397,853308692 
CarlaYashiro,13328,19628540 
ankitthakor14,6875,145640515 
rothman_jeff,1458,1200919098 
shrutsays,2510,156215566 
forj_m,2871,3307679708 
AmeliaOstroff,4354,95304081 
dominicbanguis,13265,65522873 
errettcord,3385,179096980 
kikilitalien,7644,6291962 
claudiaciuraru,468,1018001556 
samdavtyan,3586,3065634367 
gezgintrk,11679,90272103 
scotchandsota,1853,35218556 
Sathyasorub,1235,335825230 
TGibiino,2860,218631802 
marketingm8,6791,215638702 
AneeshaBirk,368,163145621 
Rita_LaRue,1449,2352562758 
michelle_ligon,1001,17950934 
jan_has,6144,571667590 
Pete_Schauer,938,391047816 
shreyshtyle,9896,51667942 
cjiqbal,6429,15484116 
DesireeReinsch,1017,2836786308 
Thea_Hutchings,1770,194075597 
Marichan129,1162,162231937 
Teresa_Eme,7267,262180878 
LighthouseDigi2,1995,4156733531 
TheRealFredrikG,6639,233507101 
KalidasC,12110,50248445 
paulramondo,3404,546660695 
Sociapolis,5101,2807903166 
SteffiKowalski,3752,554475807 
HarrisKhn,1669,2348266004 
ayyabala,1495,1395606314 
JenBongar,950,16882364 
CTrappe,68531,107644537 
ellie_amaro,281,4528034473 
KLWightman,3159,958118048 
ThePeterBarros,1027,421466660 
ITCanny,93,3187297614 
b4mmy,2291,92810158 
michelledh,17088,18854635 
Ashley_PrGirl,641,944104742 
Ndiginous1,685,3253931766 
Brickmeyer,1867,22268516 
Muath_Atwan,3952,244102113 
bazmirza,29766,77096146 
sfgrowthacker,13685,3181494469 
ToniGrinon,2440,252184501 
illustr8ed_ca,2746,3238698409 
ManshipSchool,4351,21258885 
PhilDonaldsonNJ,2352,72725104 
TheJacksonYin,1496,489846838 
00lovediary,28787,3017220803 
tiaratanrum,742,623585224 
JoAnnJenny,508,33015389 
ggarciagc,2710,741115765 
ybouchachia,1688,2175337922 
TinaBradfordPR,4971,18858801 
NickChopperDigg,11065,110715764 
Sundar1213,1617,2499491048 
JasonZotara,2421,153186638 
Brad_Zee,1291,16036427 
HinterP,980,42524191 
Sincere_Math,451,156178313 
rebecca10613962,1656,3900298814 
SFenthusiast,16837,15876961 
johnnykiddle,470,2877133690 
Tim_Rook,3810,115871054 
AlidaSeigworth,2062,4399386798 
mslesliewhite,1433,91430586 
DrKysela,222559,85021241 
kerijaehnig,28207,49472317 
wellbelove,448811,12874852 
gemmacolomina,4426,234089644 
jackmonson,14127,16870522 
VanhishikhaB,4779,2208435702 
TezcanHediye,1741,3023265783 
DGGT,3467,65790578 
JerzyGawrys,4643,2435654149 
edewal,1438,16946986 
EcomBuffet,9739,10981442 
SmartSuiteBree,10478,2835537186 
SamPavin,17225,278163869 
anthonyseagrill,351,1703015006 
OngunAkay,1680,1593956875 
Wearehumansdk,1702,3402785692 
cdimov,5136,113036231 
amitabh26,3360,15132329 
BeyondYourOffic,603,2584501484 
drivetraffic,1362,14662563 
VandiverGroup,3229,16313118 
valerestudios,443,2231516587 
TheSocialJoy,17524,634625208 
AndrewinContact,3100,1053425605 
SocialSplashGur,2279,2261217156 
cardilogix,2521,1262046486 
ChrisMakara,61584,23653818 
robertlburns,11161,32934781 
PegFitzpatrick,62560,122759220 
sabrinaonmove,7555,15764156 
jaimeshine,5446,20635779 
RobinatRibit,9880,47202256 
CarlosGil83,62421,34079088 
DavidGinsburg,2485,19690815 
stefankrafft,2811,21875180 
JayBrokamp,11075,20458567 
TedRubin,380950,16261638 
digitalexpertuk,4105,2994218548 
LRosari,2546,227851002 
markhcohen,6701,14948852 
ColinOsing,3802,17375722 
GrowMap,97358,17506774 
TheBigDebowski,16826,34343816 
Carmen_Duarte,1939,17926953 
SharonTighe,3280,468290519 
AprilinProgress,35704,165498315 
BenBrown_22,7620,3084257337 
RtMixMktg,8743,16920563 
briarbuttfield,2129,3095616763 
deansguide,5660,6976562 
IntendedResults,7286,633338002 
Optomly,1052,3270948535 
MisterGrider,1555,414256147 
roodlicht,4059,8892832 
DonnaKLencki,12555,1115140063 
mohapatrapratik,3997,68062997 
KcChano,3620,19530562 
bizzmaxx_eu,9230,258840610 
MaddyOsman,4961,292559628 
DanielGDudu,1144,3493117816 
chrishildreth,2963,14945055 
iam_Naboth,2684,125101886 
wmharris101,13731,141578177 
robertwilliger,6078,1417681 
boblilbranding,4252,155602705 
vishalfast007,3863,130760193 
youngersisters,3077,234762432 
RachelEckerle,4828,367820808 
GalaJohnson1,3471,467800202 
CreativeOil,11647,14261841 
craigteel,5685,14195657 
emilycarter411,422,606075897 
manish_dhane,6019,23324253 
cw19577,2669,55717220 
ElectroKnol,12831,449635640 
4kdmedia,4098,567231881 
duanebailey,7538,59444397 
CMOTemps,2328,2675106601 
RitaRosenberg,1734,42685350 
aryangupta,2994,18574109 
Themadbugkoustu,1648,4054621529 
Mica_in_Detroit,4784,15691838 
anas_ebrahem,2826,1220653532 
vincelferraro,6571,17090136 
morgancarrie,13681,18336710 
ShelleyGreeves,3628,321512830 
bkhuonker,5761,24751227 
AceSage,16194,19311403 
BriscoePat,2339,2197288538 
mjhensler,9810,22569803 
TeamChristoff,16517,1376711317 
zbjen,1442,524863486 
Katadhin,27643,14842636 
jemsand13,1218,57127226 
MikeWhitaker,521379,17010913 
ChrisThames29,11941,262637172 
AlanSee,86711,14801984 
AndrewCiccone,4507,14646994 
tinortiz,2457,100236692 
khalander_basha,1,4682507778 
JamballaCom,186333,2310288379 
AngelicaJonae,645,342806441 
fadynammour,124,330181777 
sidrahkhatoon,322,2991819193 
marillitaverde,35,515981440 
LeprosyIreland,932,2864024950 
gravenhurst365,255,3105184344 
SueAdairFreeman,638,101126538 
sandikrakowski,309492,11673662 
CinnAiman,206,22950639 
DMNewsCanada,475,2915912811 
HHWaterloo,1219,3429827608 
saisirile1972,2105,3603623422 
desklabco,137,4158495082 
darrazola,1997,44019147 
VSilvaCusi,135,708718970 
wearebionic,483,1228326025 
Seoexpert1978,108276,3561232708 
mahyar_mostowfi,5,226469948 
rokk3rlabs,3909,486707947 
shakilnaik,18,4062341114 
dcunhacharlotte,3,2315640188 
CONTENTsoVIRAL,734,3466788859 
SoMediaReserve,677,3375281592 
SelfCareRevolt,22105,20891450 
SharnidA,221,71931406 
StartupMrktng,12,4020671476 
BizBuzzConf,880,134563338 
_DrPatty_,180,2261661452 
jchambs_,930,30057449 
arjunsethi,27775,18031093 
rogelioriveradg,176,181604474 
KeshetTech,2661,2749104462 
xytikipefone,31,3264810034 
newmansuze,932,1954792668 
wacojixihana,37,3198131244 
RCGAOnline,671,363522367 
cspenn,93527,754556 
searchkings_,94,1615391570 
francescadiana_,541,2805060078 
NrthmbrlndCFDC,1540,524474386 
imaliha,344,24317875 
ronvanholst,989,76016535 
seanmpower,457,112446520 
CrowdTVA,74428,2833170762 
steadfastbeta,163,3062936109 
OttawaRENews,841,3449699661 
kmeyerTO,152,368535331 
LegendPAPI,492,52375203 
BrianDeckTech,681,272227670 
EmeryBishop,10920,133904953 
SeaviteSkincare,606,2561221513 
416webs,86356,582771612 
CaptiveRooms,776,3035420070 
LMikeGarnett,394,77119787 
Nicole_Kelly,2724,19321506 
LSPARKGlobal,3001,2613760806 
damienveran,784,97741678 
TortillaFlatsTO,1183,222481218 
DohaKhan45,33,3399118541 
MizzCleoP,534,461521954 
Brentertainer,1461,146093487 
johnphillegass,156,307082754 
2d25120bdb3a496,21,3301969914 
TekkyGurl,1518,3305665846 
SalesEngineer2,953,2603946062 
hannahbethbell,3849,21448068 
FreelanceWrtr,16102,16617061 
NatalieMacLean,31680,17239748 
Vinyard296,1018,2199502999 
fabio_m,398,14703219 
danawerpny,187,101840251 
ZheleznyakovaA,252,1489775934 
bucherwaylon,116,845477628 
shishtawi,7128,17018507 
SMCMENA,1960,1033020714 
UofT_YoureNext,835,361856301 
tezuwahobito,815,2509478263 
jorgelu43040914,30,3391308569 
tezakagipax,134,3176896809 
TaaDixon,1833,18514719 
steve_dodd,7184,15056439 
directfocus,1610,71072624 
ed_narvaez,900,152356766 
SmoothPayApp,10109,1574708834 
SATAOBS,20,101488575 
MeghaTheAwesome,645,70446890 
bhavprajapati,394,247585001 
jeffbullas,492092,18185124 
PrinzinaofDubai,664,3069398750 
JohnAguiar,147253,15582157 
thisistripp,183,145447871 
Sameeraalibaba,585,84301936 
RazberriJam,283,2416025659 
AppzBay,440,3227877810 
QuickBooksCA,10956,25153251 
shawngaviola,579,25018617 
travisobvs,1308,22965585 
RebarCutter,352,2938863103 
sweettweetjaxx,24,3284598141 
jeffsheehan,358509,33057154 
emilybwfink,3545,702023528 
00grubb,2790,1393596187 
Gellykla,23,452995753 
Mattia_Dj,4,29834006 
Biancaruocco,5,819912799 
Cornplanter548,9,305512107 
macmusik7,9,354663756 
bob_mills25,6,730076935 
Khhhh,9,1617084494 
MarcoConcas,14,72964838 
botis85,20,107681296 
ocarramato,5,203852137 
manuelscattolin,4,570395394 
kristinasana,7,2957386057 
k_engoe,1,1327771735 
rachelopeze,7,1914291450 
Amarir_Aziz,9,2986531648 
FernndezPaulo,9,1480539553 
DanieleMallica,5,173496440 
rafiaharoon,3,2758087290 
AnnaDisy,7,437663066 
cruelanto,14,2863808446 
Denix3d,7,166948162 
tega69,10,388129932 
MattiaGianizza,14,319002416 
klang_mantuhac,24,328444299 
slipknotunmask,15,213390756 
enry_31,3,282179420 
vincenzolongo,3,249165185 
NikolaThot1,1,522548294 
CriBartolucci,3,357383267 
eva_maz,15,540892884 
monyrompi82,4,396527321 
Giulia_parigi97,7,2911464851 
stefanosarti77,14,57356365 
r_c59594345,14,943727820 
alearg17,19,319551722 
v_murder,9,165886411 
CammLorenzo,0,1893208015 
lella2059,14,2744898565 
Cris92Maria,7,2751598307 
davide1611,28,209606149 
mazen_reda,25,411021492 
Pierangelo09,48,472199126 
brizietta90,11,583566805 
GiuseppeM5,20,294287407 
GiuliaRuscica,9,785181284 
FedericoDonati2,5,524671187 
jack_drago,17,526728392 
fedespadaro,14,957535476 
__BlackPrincess,1,111638647 
mojisola_kayode,3,611600193 
Zanf1926,15,422618067 
salvatoremicali,8,464731149 
DerpyBryan,33,610051708 
dedy_sofyan,0,382752591 
dc_wafz,5,193251859 
ErikaManfra,3,1262786725 
Amr_fetouh,3,1326252876 
tubina88,7,562228495 
Anthonydamaso2,10,2263740588 
frisina338,29,1851815756 
FAngelisanti,0,987271135 
MattiaPiovPiova,8,586811975 
NicolaCantiello,15,458517754 
GuitarJunkies,5,2396019975 
Giolove1DeJB,31,167325139 
Phillian2,2,129902943 
ro_94,191,429857039 
Are_ly_85,8,500736387 
essa_musa,17,291357620 
emotional1509,21,333154675 
taverriti,12,439422298 
MoreaAlessandro,6,946392169 
EmaGiardi,14,492653423 
JacopoF22,1,557826888 
colao_marco,4,3088415218 
NtombiSZ,0,236441807 
colquedaianagis,1,815836777 
MicheleGiordan,29,396738977 
KARLOSREVELION,7,372483440 
ZGriffis,9,301604965 
SR_305,10,155658274 
miki200711,3,838138374 
mario_netta,3,1265332838 
Calill_West,33,168852106 
arale_92,4,472942704 
caldy98,3,2494492999 
NikGiantjis,5,987634626 
modafashionblo,12,234075038 
paola57479780,8,835950120 
azar24azar,2,2826132235 
UgoliUgoli,7,453338669 
ericka_m0ri,291,139799173 
Luca_Bak,7,2943739257 
keeeku987,0,325781311 
dariets,7,223680219 
Aasgh6,6,366727506 
GiuseppeVingo,14,312828968 
murenufede,2,963489265 
nicoladbn,5,401576119 
Reby94Russo,2,1133477552 
Gtcroitoru,28,2844448181 
luchino_m,2,776401626 
francodegiorgi,8,353484857 
ShinhaiV,11,588643674 
AzimutFF,16,504994181 
CateTozzi,13,620439023 
jszillus,0,3027682636 
ADJAFFIJEANNOEL,14,993224984 
LuciaMagia,9,430195914 
daniela_sedda,1,950659412 
francesannette,3,104515010 
14Meglio,6,512017606 
CosimoMonopoli,6,611683749 
AlessiaScafati,16,559850345 
ABuonfiglio,5,390053724 
ganderson__,0,3027393047 
MaryKla9,25,2460323952 
AliCarolineB,2,2602381939 
MiezR,11,238155544 
bbgayt,1,1557482400 
CostaMarcello1,17,587501412 
mimilamejo,3,247688461 
jasinthasellad1,2,3161023385 
giff_free_stuff,2,2751634711 
Mirthe_Buijsman,4,3098792733 
ryzethepirate,4,2389820119 
damiano_90,7,551177042 
FrancescoDesar,27,1159860192 
Gaia_88,2,70169040 
FrancescaTrussa,20,964296428 
meghyyy,5,88767922 
DJMC7753,8,2838274972 
cia_hgufj,25,496923506 
sakura_asano,12,1008469100 
yeyalabella,4,42089898 
parafernes,9,177177353 
Pink_Love94,35,821276275 
ecrl62,3,2403116550 
Ciociaro94,5,181937955 
Roby_Pia,5,110744659 
Sabir85Sabir,34,529240147 
GiuliaCelebre,35,326400097 
VialeGino,29,387920740 
gaston0911_ar,33,155361703 
issakeita23,7,1305966516 
pcreart,0,535302977 
marikkia86,0,2988160943 
GiusyFCI,13,209112959 
CeCi_DonDe,29,291157467 
DalilaMercuri,48,607014872 
lulu1519,10,56215450 
brunoprocopio82,13,2396343236 
92Entoni,3,2190534581 
IreneSbaraini,6,981196254 
NitinShilpesh,6,132858054 
mc_marthe,14,993649280 
PublicEnemy3009,9,453018945 
RobertaCordella,20,525352274 
kleiver00,8,369212439 
KatIsMyBae,16,2158544606 
lyndabouche,8,285584006 
Therealg11,3,601672158 
serloclo,0,1327713726 
Giadamicc,84,588579376 
ade_luca,0,574793555 
SamuelRuberto,68,516668489 
Marghe234,12,551391417 
IreneRidolfi,17,420993734 
valeriamiraglia,11,298806678 
karin_mo,6,882196796 
NicolVeronesi,17,398927754 
MicBrey,23,204956361 
DonJbakhash,3,2218710236 
vane86b,249,241576511 
Gilaui95,25,407895655 
xAnthonyx91,6,234562432 
Giuspsecos,14,398180214 
valeya06,11,778888796 
isabellalavilla,11,540316876 
Lverkejackson,8,2576122078 
Jakomedi,1,464891082 
FranzRoss,4,1011394578 
PiccirilloVince,3,492582238 
AndreeaRap,3,705747872 
giuseppebuonomo,23,72515276 
jaja_96,7,35454476 
NicolaColocci,13,1024264586 
iccio1994,17,489504742 
BocciaAlina,20,837999181 
LuigiGjMatrone,17,2873590517 
elwoodbrothers,4,2973542289 
jessdancee23,2,347588748 
SandettaJenifer,2,900534288 
GraziaIannacone,8,831447042 
FFuiani,2,635292289 
dantedelboccio,6,296810253 
anthony9536,17,162659536 
BritMat123,10,3015002404 
IlyTheVampire,2,97050812 
ali19962010,13,197496448 
danielelelli197,3,2194410042 
NazumiTsukamoto,12,533124797 
Dalilap91,5,1662512580 
ReachealannGill,16,778724498 
tirde94,9,364846315 
stefanto5,5,1007268510 
DanielCanals,12,125702647 
giacomoleporini,9,454254487 
miralessandra,7,2314797717 
FernandaBuffa2,9,2456393666 
GGamerSS,9,395642280 
BJqueer,3,947845621 
felice1993,11,284190621 
GiuMF,1,474099866 
FrancyTalamini,27,563739569 
AndreaRainaldi,6,313856898 
kennethchidube,3,592202678 
scotchrocket60,6,2664027473 
giac97stella,8,320331475 
IlariaTotaro1,6,445497006 
JessicaMicai,9,478484424 
DGrillone,7,634904380 
Ele_HP99,9,555302295 
andriy_1009,11,469370167 
ricardserra,86,97277423 
ilfredia,11,604700883 
Flowrence93,14,417072665 
Matiasrig,7,246976066 
rabellissima,6,355921559 
AnthonyCop,11,326262419 
beayesssur,2,61150570 
AlbertoSchembar,19,1177415912 
ManuSaputo,15,491239062 
alessiomartin,29,465477323 
FrancescoMoro97,6,196249639 
annastabia,4,112848325 
corrie949,3,122135146 
RaffaeleRotesi,42,483238467 
ChaseAsianboy,4,866775644 
paolospini85,8,631498488 
picco94,6,2617220945 
flankortao,5,199052944 
RachaelFisher22,32,1950120997 
InaEmme,9,482254959 
rofi_ripper,0,112167209 
shoujo_sect_120,4,1099722936 
Doom_Sunrise,8,2599801796 
larrymarvaljose,6,1255154478 
Ibnsina464,6,283845874 
frankgarbu,2,437403295 
doodlid,6,100275928 
MarcoDelnero2,4,397406740 
Neymar98,7,163647202 
Semcam,1,492429460 
Alice130514,0,2425705729 
luca2cate,24,3088629146 
el_malaa,7,2306112654 
giuliettaxlove,30,542641860 
Cuba_me_llama,23,732579488 
anna__costa95,5,597691236 
fcamilosanchez1,19,3009103620 
ScovinoMarco,8,389422280 
alfonsofusco92,6,429220539 
JacopoPuletti,13,876332430 
poicipensi,5,499416430 
ciop1993,28,565721296 
kaka6982,1,272436287 
KrisRoma82,15,134884494 
GretaSpinelli,30,488442587 
fracaterina,0,91986077 
kekkocapasso,10,995199170 
pinnock_anne,18,895384705 
schirrufe,11,2377376326 
ValerioIavarone,6,553696467 
solorosy72,7,703860809 
Sossi92,4,464931754 
Andrearusso711,20,467849236 
Loris_TP,2,1225763593 
AlexandraBalasa,47,972127244 
cix93,9,580844055 
__Marty,18,149943268 
mugello2001,12,1538670660 
leonpaki33,9,214320334 
bambolina290191,7,3126806057 
pazzainter1991,13,1439310901 
madyba93,10,253226935 
rabianaeemkhan,0,574490005 
Carmelo_Tiberio,20,850698650 
absorviendoinfo,13,1464787686 
saritas5,9,428446529 
purabiaashwin,9,211287743 
cadit123,13,505428758 
sbirupiru,3,252611930 
MoScoNi07,35,1451789672 
annacalzetta,21,481248785 
robertadeluca84,6,562217369 
Helena_dea,22,454225964 
giuliacarne,6,438449085 
marcellopanese1,11,1482416533 
sele91192,2,889124102 
Mars2ATK,13,168217681 
MarcoDima96,10,617952529 
federicasca,20,376707453 
MaryJxxx,2,86101116 
LLaitela,25,611854877 
frencyfer,3,440886050 
hurricane510,7,807338191 
44623804,2,437178657 
FiffyL,4,1360190696 
ovothatscrew,14,1254449394 
MatteoParro,20,594812495 
Alexandra_Bush,3,338351137 
pukka89,1,426794791 
MarioRuggiero18,31,2424834633 
francescagarbo,8,412212324 
jelenashtuchko,5,2268961171 
95Effe,25,381149722 
jbellin30,29,2780497873 
max_krazykat,7,61328025 
PioGiuliano,10,552823908 
KimDCaron,3,288535882 
fastidio76,2,289555938 
gabrytint,11,706765686 
Andrew_frketic,5,2304274369 
GiuliaPerricon1,22,587341253 
MicoleAmy,11,2464536880 
Saturninedh,5,2494829319 
CPaucera,2,1260395539 
lucascanceco,46,227703769 
furla792,4,212980961 
bar_sp2002,16,35106973 
n1a9n9y2,4,207153235 
rossanavegnente,33,306807571 
cecco_lory,2,3084321298 
87Pannelli,14,542512405 
niconava8,14,144842328 
ClaudioMisani1,16,623848295 
Safar_Ibrahim,15,227549569 
RileycummingsDj,7,2886885505 
MonicaPaddeu,13,312580972 
Lricelly,269,616746970 
NicolaRaggio,2,192552561 
cianfry,22,14575912 
jackscarduelli,6,529484047 
FedericaEmilian,6,403072494 
sdra11,5,517338492 
peppe22napoli,6,547536087 
Feniletanolamin,5,1677739032 
LoryGory,8,228901602 
lambe1998,12,308677257 
EmaSpadaro_,0,1734639151 
IlpoetaFabiani,4,880211623 
EdeRaiFy,13,168850956 
MarioMarra4,7,429244582 
pontivicius,8,74995579 
mermjk,10,445950384 
tfhkjhgggg,8,419441496 
federica901,6,438472484 
IPaninidellaNot,9,2348998278 
danielesciarre1,7,540751885 
marco94xy,7,130443001 
Milko3o,12,454919588 
MarcoTonali,11,399668723 
benedettabellin,7,2477996674 
90Jaco,17,522733359 
giuliastrozzi,2,360780582 
dedda91,3,545097540 
lama_davide,14,1105886882 
Vinsantilgrande,23,2313550185 
LucaCarbone9,2,492723652 
Soldon04,6,618735924 
Fede_chicca154,9,1009436018 
ForreverSwaaq,2,992115552 
ClaudiaLombar20,6,1153843681 
aspyrina84,6,2890886459 
Britney1993,9,67411882 
BubuSettete4,4,545451810 
GennyMin,15,1325274733 
lilmocho2,5,2537254100 
eUpHoRiCa_girl,11,166493844 
mariaveneruso,1,340842019 
Gobbo_Fiero,22,248406873 
Kikin_henry,9,345779663 
MariaGi48406008,10,946316287 
marilisatalaric,25,399900665 
FuRoRa95,10,41603102 
NardoneElisa,13,1316823763 
evaline_odek,22,797712030 
jabba07,5,163864682 
euseppia,9,2801364822 
Mperez200,148,836677818 
THEREALSREKO,36,187505085 
RoziahSahak,5,1712247662 
GiuseppeGsica91,9,2830664799 
deltanfs93,11,167890508 
ellearaya,22,881020904 
Marchinoz,4,387591849 
rosenthalamie,11,592304048 
RossellaSorcee,17,424549310 
valeriabertucc1,6,511783953 
samsmile69,7,2243638359 
MassiBarni,18,301547781 
MarziaColonna,9,424166408 
DavideAiolfi,11,340986195 
grazianacastel1,10,866951864 
miss_luigia,5,363862268 
AlessandroCadon,20,380657818 
peppux04,1,3057318551 
94_gelina,2,1449114000 
AlessandroLugar,22,396852026 
kamyfeltrin,9,133857541 
lollomare,1,546759394 
bianco839,3,495379559 
baro237,3,472845951 
giuliafioroni2,12,478613036 
eleonoraarmiro1,8,2770175140 
AlessandroGuiso,1,207418869 
annaviola_selva,3,2393557102 
andryplay90,0,546804010 
mim13092010,14,564080560 
RobyCala1990,1,373898585 
UnderSoft_OK,9,629654936 
anna_02_,63,875749292 
pietermniemann,0,722023926 
garbusi,12,102496924 
cacca1198,7,135952008 
_charly_dido_,11,1332436483 
giorgio_68,7,91550314 
saracolaiacolo,9,392078547 
messor1,6,506297880 
GreenieDirnt,14,341001110 
Lillypadltd,7,1702496216 
francescafaiulo,6,466355120 
Pina4692,14,285809463 
JessicaArmenio,16,497077468 
SantinoRomeo1,5,473146420 
eella1,5,1140701623 
Fedec94,35,1444316498 
howling85,7,129843865 
Ale__Giaco,2,1228269128 
KennyBMO,4,1667669996 
GiadaSartori,17,98641787 
Gio9646,17,783099973 
RiccardoLovarco,14,632952303 
glomicio,5,295798680 
perotti_alex54,14,2643977735 
97Angel18,9,2567397569 
asaro_matteo,31,531289882 
mesty96,8,493192545 
DiZinny92,34,580266752 
PituuHorst,9,2190802378 
Gabri_1993,4,467937669 
ComunitV,3,2267770820 
JenCohen3,16,443445566 
TdbMatt,3,947916578 
ChiaraDAngela,33,550425702 
MatthewSent93,5,332801923 
bubulinaa1,6,527863548 
rosariodipalma1,8,429203774 
pizzofonista,1,772779612 
giiorgiiz,10,2760227740 
MichaelDota92,3,532736312 
teresa481marino,3,2319429865 
NoMercyDark,7,1009447872 
MariaMastrandre,9,1921621118 
emanuelaposata,8,877266396 
ErmaEco,5,153004273 
Carmenjanas,7,863332897 
Giomas92,26,1042369873 
FrancescaBrodu,16,976410458 
_8422148502411,5,500280099 
Achico91,6,507769799 
DavideMontrone,33,377411691 
EfrnYsmaelCalde,6,735644382 
play7boy,8,439923037 
anna_liguoro,12,3007744174 
VeneziaFederico,2,435778560 
Nitrousman,8,159930640 
gaspare_sc,6,552745090 
SoniaPerfetto,4,2322521480 
SancioAlessio,5,465815082 
libopower,25,933162140 
claudia16772990,4,1719797790 
luis_beruless,11,713187214 
DominicEffron,1,2456717270 
FrancescoZurlo8,8,775585315 
MarcoItaly9,6,624374076 
Antonio58195304,6,534276272 
Poske_swag,9,999238842 
MirianaLatino,2,403520915 
MartaFloris87,20,425846358 
Leleplus,5,411671724 
VanessaLizi,5,424611731 
mmorley13,3,252304189 
eZoEfU,5,39289955 
AntonioCriiS,6,292353422 
shake941,5,289340706 
fallout1992,3,1220383993 
85Cegliemara,5,2377687249 
MaCarmen84,2,500993876 
mcor24_michelle,26,1164465139 
laurenatobin,25,2869419439 
erfhhuhcfd,10,1195029607 
ramonaquaranta,7,633060264 
Kyra_209,11,152971891 
SlimFit_,19,455420200 
GiuliaLombardo4,15,487078245 
MarcoAsara,5,479934081 
flashblue98,5,176366929 
lalla93laura,11,904559724 
Daniele_Cocco,3,976830660 
albyballa,14,1400018797 
dariopalanca,1,249916209 
juanchomorenoo,23,257162493 
MagiovannaI,3,379300715 
MassiGasta,7,303136792 
gen86napoli,26,418174534 
ireirs,5,747250262 
Martininaaa,12,96206936 
GambiGambig,6,717966281 
galaxi59,2,56789658 
hannapurna81,3,358755410 
JacopoVirello,20,627318497 
Quarz90,9,3018975569 
awad_100,657,839609682 
vickicolacino,7,505029700 
francescomaior1,4,2321211728 
federico_pinto,17,195689760 
OrquestaSongC,5,415238241 
Ladygagafan07,3,132318231 
CriViola93,7,821963413 
JessicaDitte,10,381526571 
GiuseppeMantio,7,396686007 
PasqualeJoJo,19,440447319 
Luisanna18pb,13,363967458 
CarolineMahato,5,441569790 
AndreaGeria,4,457968272 
antoniomori1,2,415672354 
ro77berto,19,319590430 
giulietttes,3,2243985001 
cecfrancia87,6,422672801 
BufoFrancesco,8,1548245509 
albertooRMD,71,1941833414 
markpoirier25,8,872668958 
MicheleBonuso,8,386079819 
jjmolan,2,3153242052 
alecarde96,67,1241044152 
Orarossa,12,50235855 
miquelfj85,7,500006395 
calderonefran,6,2307938051 
LBrozzetti,74,516880408 
96_caballero,5,769895461 
JMino93,3,492484962 
merylove1996,9,474319798 
RobyLianas,23,504518467 
SergioReneenriq,4,2357682249 
Carmelo_Martino,10,547760085 
ClaudioAngileri,15,709735874 
Marekleo,3,382739872 
maglio_antonio,5,1035338760 
effemeroni,16,1379361746 
extra_cute2010,18,233186981 
arianna_nello,14,488522812 
luciamiraglia,4,204869704 
PanicoFilippo,9,485645090 
PaceCamilla,63,456184816 
Nakan97,12,575415710 
Teddushow,5,3001195343 
Pubofficiall,21,429828487 
okKiepoetra,0,463269922 
Maruskella81,12,309108653 
Mcintosh013,0,1112776087 
alessiobaldi3,7,821936430 
sernador,119,385425656 
AliceNiride,2,823674224 
primo_roberta,10,413935631 
FERMINJOAQUIN,16,723616801 
Desi_Carti,40,143549641 
DjManuspeaker,19,1168716193 
chris910000,4,514645185 
ManuAbis,17,898261200 
BaNdZzzzzzzzzzz,0,735499291 
AsiaInnaco,4,1059312325 
MariannaFenty,7,382087807 
ArnoneAlberto,8,917321106 
aliyakubushuaib,9,320739138 
LucaZompa,0,910373700 
ana22288,3,2887234023 
MiccyDeb,7,235743769 
fangirl_patch,7,3211627671 
Cris161995,14,835044253 
dja3317118,24,274489533 
mlhincks,12,1363434164 
chawla_heena,0,540610795 
MicheleMarinibs,16,508639472 
Applestorefb,6,368232020 
FrazzettAdriana,44,198820457 
axel3560,2,2244857183 
Sara_Gherardi,28,536564514 
AliCam90,10,404087701 
_Gervax_,12,996871970 
martaDRUdruetta,10,585613042 
diab10rojo,5,270433965 
jackkcaj26,10,203035402 
Annalisa2692,13,534721847 
elianacolombino,30,476561732 
__MoMMy__,11,52741341 
LildonEv90,2,397481962 
Buriii,8,996851642 
pasqualepiodant,12,864510834 
IppGiusi,17,520348941 
AndreaPastor3,26,387905239 
paolazerbini1,7,1341595184 
andrea29005,28,366456751 
zazuher,16,144611423 
MantoanNicola,15,1727066581 
jackymart08,13,59036316 
SANDRADIPRONIO,11,400881945 
shajno,166,1441355040 
Carlofratello,9,915780092 
himynameissassa,4,506419793 
JosephTJANA,6,1715229415 
DiegoDElia85,14,1708474171 
GianmarcoSparag,12,376699798 
ChanelociN,6,212235822 
MyKTMatethem,3,389513186 
CateBasta,15,252243107 
luigigervas,34,447041055 
Federicafrufru,0,2359405366 
9004Naso,1,390624080 
IulioFoti,49,207226135 
miky_offredi,7,854555990 
LetiaziaD,4,620062944 
Frago1993,5,447830300 
mykevo27,6,346512382 
manuell63256482,7,916086217 
amarteduele994,10,215847523 
DanilodiCoste,9,460557439 
raffael11828021,7,538833047 
andrea_apache22,11,526328141 
rickybenavent,6,1917841218 
Alessina14,6,701202798 
fortuna_97,12,364438323 
Chri_24,7,608550584 
daniele881,3,293932905 
cristiantriscar,3,452962823 
Sepho92,3,537591484 
ABnaoki,9,382148633 
hakakaka1,3,323866888 
peps46,7,165084497 
tescelino,2,562018340 
CCuccuru,52,543608702 
AVellocet,32,268810756 
Camillina94,21,370626567 
FedePierleoni,9,520264703 
thebestmattia,6,608911773 
julymarie012,3,270106379 
EjimmyCIOLI,23,515852167 
ester_97_,0,252643778 
AlessioSottini,34,599310664 
GabrieleDiLecce,4,952289917 
aurora_scelfo,5,362752793 
ema94sc,3,468802552 
lucapaparellaaa,9,385900774 
RinXbox,2,2554262186 
iamJazzEsmane,4,1050143748 
caterinaabruzzo,6,458162568 
freesmile_,18,554405539 
leonardarueda,5,3131500810 
Luca7grazie,10,420611830 
marys_fr,24,3015063087 
SalvatoreDAles5,8,996753960 
PaulitaaRico,137,561537111 
AnnaTermopoli,2,484765474 
PCammalleri,12,517453293 
MatteoTeo1993,14,276381202 
andreanedoh,12,785113928 
DianaPappalardo,17,470034604 
aniobiemmanuel1,7,2265811006 
fabrypappa,2,180302566 
esheteasnakew,6,706790287 
lisanna88,14,616151945 
FedericoLavazza,23,402641057 
CXSP1,7,454898332 
DavideMaset1,9,474034511 
2401Cristian,13,2654325453 
grutterona,4,520343589 
KatsuAguirre78,19,918118016 
angeloderosa,8,140086227 
mylona2010,7,179481657 
filippoamato2,7,446947200 
cardfan58,6,37213431 
ocleppofede,6,2495116554 
trucciolina,15,232155171 
ferd_laz,7,320594169 
lusx90,12,477046980 
bolladifumo1,10,2648761189 
luca_oggianu,9,980088648 
Gennaiaro,9,428343931 
LUZELENASQ,0,409603082 
TateSeroyer,4,2995897120 
La_Dori,7,312539289 
christina_spa,4,1599076345 
Giugi6691,8,255064091 
pazzapollapolla,7,206328985 
chiaraprince,12,948213524 
MarcoMuntean,7,562693495 
Alebel4290,13,538515409 
AuroraFairy,17,274030808 
eva_gabriele,5,2186519713 
MitchellDorman1,0,2189559469 
Andreea_Ciontu,14,426140902 
aurelioarsen,24,2482237812 
eleonora_salvi,12,470536366 
ZhouElena,8,1569195956 
cote94,7,52041767 
purwantogt,9,1133546059 
JohnHop40962504,3,2535945361 
ElisaSoldano,7,565497360 
SarinaSimonetti,0,482264432 
dario24473,2,394135035 
ilario_cantore,5,865347901 
nellopadula,7,1087135710 
Apple64230354,10,518869174 
grafabiane,11,95076582 
Miri1189,7,30649454 
RuthieDequito,5,814821242 
christine123321,10,612761253 
IlSoffioDelVent,6,1169379655 
Phoenigx,10,232672663 
padma_deven,4,2532136711 
saradellicar,28,469181101 
Ricciola1985,20,172296207 
maria560506,1,2961629267 
ElizabethAnneZe,6,1618396500 
Pupi4ever,14,467721561 
pix86,7,41992128 
allanpcsp,15,50840101 
AnnaCapraro,8,473759537 
nabilla_gra,55,403076589 
isaaccudjoe2,5,1905174558 
GIOPREA,5,1404752432 
Emarfi,4,184798751 
LaDamaBlu,8,389096000 
ConsoliDario,2,629360250 
luigi04481128,5,915115862 
mmartiiss,10,1440942451 
Seasidedays,4,128655276 
giadagale,10,559808576 
gioacquaviva,15,258518224 
comeco99,9,735354864 
lovesSulli,17,151989444 
ArDadang,15,968090334 
rkatylina,16,286874338 
LaLina86,6,432610811 
Doweneedthis_,6,151395626 
concettapomilio,7,472337684 
GaiaAddis,20,2292246082 
TheREALrubiop,3,305222719 
Ale2190C,15,437508526 
antologi91,10,392363070 
TomasoniMarco,10,506512966 
pastalburro,3,118790885 
WhatsZaki,17,1727396029 
Jazzyman01,8,52345306 
ilaria_Renica,8,418074511 
DonatellaFerra6,5,1716308918 
serenellagas,10,598289297 
dieudosi8,9,746607367 
GigiRisp,4,2781397895 
GinevraLatini,38,2174650826 
NoahGuido,9,538940369 
hnoorhisham75,7,1900137030 
angelo18437118,3,573463361 
roberta948,9,247779977 
Nexusseven2,4,2764815339 
RmnClaudia,6,472913953 
inter_amy,7,437641741 
AMrakic,11,1083543997 
RCiafrei,13,443959072 
AuAmpo,12,954115298 
pinto_vincenzo1,8,1299468829 
FrancescaGuer15,21,518919762 
einhjodelacruz,12,1056584190 
DarioDurrrr,8,309779742 
kekkamarino,5,372280069 
FedericoZunino,8,629263965 
MChiaraPelli,7,1193177022 
EnzoVianello,3,490340614 
OlioRiconca,8,1438503746 
InnocentiGiulio,8,445667582 
giovy1393,8,124536282 
MarcheGiuseppe,1,728699258 
hi_meemoo,2,1096200931 
AleBell8,6,599392827 
ArgentoBox,3,308344790 
_Dado15,14,421129067 
cattivic14,7,353023752 
picci_alessia,7,991932356 
kleopatra1969,10,238937434 
94Carola,19,1086796370 
milos_leon,8,919846645 
GiuliaAimi,22,438358296 
EnricoSerra,7,206765962 
mmarchesi18,7,774517562 
ElisabettaWu,2,434566356 
JohnPetten,1,358092001 
alepart93,7,400042556 
yolocountyman,123,52880705 
AsieKarima,7,709520120 
elegantgrandefy,10,360866835 
DarwersFlorell,10,1070914873 
WilmaJaneCO,16,2200625124 
marvici,7,232976931 
rostamimasoud,23,1618785259 
GennaroRosaria,6,1926094998 
mirkeda,15,428948650 
Eukings,22,205895934 
fraboro31,11,1563023460 
ChiaraPale,1,2561815691 
JayMineuTron,0,920429408 
xLeaMicheleITA,34,715853701 
abbandonata69,7,466807369 
matteovalto92,1,2780247911 
linfateatro,11,171846765 
cristinaazza,6,552234284 
asiasenseless,65,705535620 
madhatter177,3,91577663 
manuelabetti,22,399696011 
Danielsr100,6,1334679720 
JosephBellacicc,3,489440848 
AlessandraMare6,11,1006031780 
5merica,3,2913755123 
andreafalvo2,3,399006188 
IlovemeRap,16,456935939 
pasqualegp,1,279521874 
EmanuelaIelapi,16,450925042 
eliferra,19,182402990 
M_Lonark,4,3064912546 
DebnathLiton,3,568307639 
paz_o_guerra,3,365168486 
ovosonor,4,3050464289 
IleniaFlocco,3,531278857 
CarmenVarde,1,253494394 
DeltaRight,30,576600006 
Caiazzo1993,7,621437424 
elenagrassetti,4,313195531 
CaroldiLiberto,12,364993097 
frollii,25,628563450 
AntonellaQrt,1,1099163858 
RDuxio,6,66677048 
Axelheavy_666,18,147028492 
Superbentos1,10,436919042 
Corra90,16,193663681 
RCarmuz,17,592923021 
PietroStrozza,9,184392084 
CMorosini,24,716972310 
sambelsekali,3,104884636 
Beaaas,12,42945264 
Jessicaxsempre,10,166462616 
Nickinho97,8,228184958 
alecsanderflo,9,2974476101 
bobetta91,25,593715076 
AshutoshMorveka,3,965894138 
a_pank88,13,1583955758 
AndreaBontempi2,3,391336643 
24Raffa,29,531653709 
FrancescaGia007,13,820474652 
Tibi__,7,148740544 
Toy_7,11,462839687 
NFiscaletti,12,429758380 
AulisioGianluca,11,555842288 
leonardopoli4,28,437425270 
katisivi,1,45610192 
giuliamari8,12,174362895 
Gio_Delia,5,941591137 
bramlanz,0,365272284 
ean0208,4,225751170 
MatteoCanazza,8,377556374 
antoniodistasio,8,143476465 
nazaliraza,6,256222861 
PaolaDallaCosta,7,922016941 
elegalan94,13,2288181730 
c_stehr,3,2189352135 
deimo89,0,135568519 
PashaMUS,5,2387197255 
nikoconte24,5,395215587 
PraKatie,9,1451833669 
federicolimongo,12,626722525 
Enricadellaira,14,505873652 
aletirrito,8,993863144 
fabybo91,1,910998042 
MCpergliamici,17,2278911840 
javivinaras,15,1295825612 
giannella15,7,601239611 
Danylina1989,7,417059200 
Serenina4,21,511265814 
daisyrose821,1,489966627 
Giulss3,16,561541483 
LerciusL,14,2160839934 
Eli_Gianf,12,296530157 
lucasalvemini1,8,456122108 
SContrafatto,3,574380339 
alvincollao,7,99829229 
CalogiuriMaximo,8,918908144 
akatroy,2,408840906 
GionnyPhelps,5,239342715 
vampiriiiita,8,89772280 
ariannac91,7,465907785 
mighee92,12,198272061 
Mar3ko92,22,600901690 
FabioCannamela,10,351871780 
moregrazie,4,342019134 
AplacetoJohn,25,133728064 
sliMeRprOd,7,83581556 
Persy17,2,424240412 
Alessiothebeste,5,262069797 
fm_faraz,5,1059668383 
Jnnfrbrgss,7,2481634529 
pizzicalaluna25,23,518551804 
MirkoRosssetto,26,335969722 
jacob_18_,9,574315392 
PaolaMilazzo83,27,588559771 
Cesaroni90,8,374214116 
PietroCastelli,14,335906331 
VirginiaRuspini,6,336507332 
SiTrendafil,1,591798551 
BenedettaRotell,26,510601338 
MarysolMMxx,46,2578161778 
VirgiNapoli,10,937671650 
DDdanDolan,20,125798462 
luchino901_b,6,544415538 
BettaTerragni,12,790210249 
Frankie3965,9,510263812 
lucisabatino,18,239487923 
robertaTo,0,126658809 
emiliacoscarel2,4,2972185967 
dany170194,13,192668902 
dr_dridi,4,490680889 
LaMesih,14,581719115 
LuigiFalcone89,3,2511226714 
SarettaBionda90,31,515445768 
fra_cuibari,5,2246824233 
domenik_91,0,121577181 
JimSRN,2,2994884396 
Splazzer,5,144139950 
Hisoka1990,4,255067446 
AliceDAmbra,17,395504088 
Arlynmanapil,6,616939111 
jessicaghedini,0,520289465 
guoxiaoing15,0,472545272 
germanapalmisan,13,399522539 
Marcella15188,7,87793000 
matteo199503,10,1172247925 
enrico87_,24,390178961 
DJ_SPIN5,16,544228332 
Matteino197,12,375654912 
gravina_marco,12,495250595 
AngelicaRusso3,9,477776242 
chiara989898,10,1231529329 
AlbertStrobl,0,151005362 
The_Mr_Andre97,5,1281106356 
Bryan_Mon,8,104231116 
CloXxyyxx,2,1015324046 
Danieleiovine,19,1184356291 
JennyMidgley,117,377338366 
lhey24,7,243907353 
PeppeCasciotta,2,499721967 
0oFairyNicoleo0,1,71342764 
adrian_everest,7,221392715 
badasalvo,3,748154281 
MariaLIorio,14,435301405 
FrancescoFalco8,9,402786642 
Little_La_,10,235170046 
BotelloKbyo,8,1512468583 
gabriellatessit,10,428991708 
Roky1992,13,369664995 
meryabba,11,2370244544 
mattia972,8,583027132 
GiulyaPardo66,5,718191457 
sarascribbles__,11,3083620845 
mavelzubia,10,1613554298 
danielluu1992,2,945708168 
CiroCalabrese,6,302090843 
irfaanTahir,2,160319882 
RobertoFato,37,472009232 
mariapi69495753,8,1197431371 
KenFabioVelasqu,10,1023006906 
Ale2F,5,486019733 
Sebygalioto96,49,545831075 
Chiculin,22,35716761 
melodeesadeghi,2,3179602045 
keanur79,13,253661332 
giancarlo1981,40,165018573 
damianotarani,10,598739538 
__clodi,12,2342239418 
Kiarajb,7,214186604 
SimoneIuliano,18,324364768 
GioeleGoti,2,359308715 
MeliDonati,26,488795243 
Karruz,10,96813004 
saraconti23,6,976223672 
lorenzocalasso,18,400299163 
CamillaDeLonghi,3,592966586 
sabrinaborelli1,8,2147551567 
AnisoaraOlivia,2,431087510 
FrancescoZoli,5,1013187354 
Nanni90471156,2,583565376 
Sa94M,12,861731658 
dadogorli,17,479468327 
elisaamato1,3,456555014 
bene_skrillex94,10,1063367148 
LuluJuno1,1,1710948853 
Kiaraki89,4,2307422160 
GalleshElectro,26,134565536 
Cardons94,17,350310029 
IvanStrina,9,399666770 
mmarlenelane,5,2820673195 
FilippoPassagri,38,417372988 
antonio_ole,5,243240792 
as_djalys,4,2291474215 
my_______world,2,2673496899 
teo_colna,14,553073838 
unholyjack,18,287192338 
eleoonorb,90,1851078300 
ciavimik,9,2289230907 
FedericaFuma,19,458678853 
mmeier75,29,1591708764 
laurathiene,7,331743988 
Gioggi89,3,458534751 
andrewslash69,1,206611678 
degiorgi_de,2,996029107 
DoppiaA1984,17,2274681196 
asiamore1985,4,174633028 
GiuseppeSaladi1,16,541124234 
smesolella,18,374554021 
TNSLizkit,39,2580403830 
fedeboca25,473,338018441 
jalex1686,37,207082522 
VittorioMangiul,17,1063219238 
MicheleAbL,9,1090266812 
AlessiaMiriam,5,370417454 
MarcoDonati1986,11,1566571998 
Flo_Spagnuolo,22,203964520 
AndyRendina,3,2267817201 
ClariSolis90,10,1412772366 
behappygolucky_,8,112242741 
Grazianafoti,5,384229395 
MarchettiMattia,17,479791061 
anto_damo,52,395512050 
mikeee_i,11,1030508251 
ancutap18,3,1851191539 
7anh,3,157061842 
ericamac543211,15,3166050413 
besweetsir,5,2242539930 
luigic84,8,306945570 
_Gio_97_,20,172858915 
FZaccardo,11,431937307 
Androidus01,5,623873990 
AleCampatelli,6,509170066 
giampibest,28,219305144 
franciscocabez1,5,373102452 
Antinna,12,182846348 
rolahajjaj,6,588124185 
KomPako,3,2408028328 
the__pelle__10,5,169611748 
Yancsi,3,123314346 
mauriziortu,22,82766735 
LucaVitr,31,917676859 
DenisAlbertoPor,15,409315264 
redavid84,7,252661035 
teddyphefo,7,849356930 
Sofia9910,13,327454176 
xuzigeex,7,805203295 
roberta28218969,2,2459687197 
D12k01,9,1584316777 
bendover1234918,1,2840728330 
ciotto1,26,43168374 
antol_88,7,199201200 
il_Frangio,29,1352895091 
aidane123,4,1001527482 
elesemplybest,10,212964606 
EYOGADENIS,0,1657310863 
Raffyna27,8,499017736 
SabryBorri,20,595726234 
eleekeokeoekoek,10,1153094323 
lupin6thphoto,10,2755875455 
leeitalia,2,157502485 
annamitrione9,7,2862201392 
meme_tete,6,481278689 
Lucia_DiMaio,4,469691880 
Ana1017,32,270387003 
billkeen27,11,3148546758 
Cla_Bu,12,497177022 
Bea_giannone,10,1219354680 
DeepShinde2004,6,484838125 
joker_linkid,17,954245869 
florinboros,5,565212826 
claidiaAquino,4,430179253 
mattiade7,11,2887169259 
GiammaClaudio,10,425265168 
Possa8,12,186752711 
jeanjihnsin4,2,1079301139 
akiloudiy1,3,628283695 
Falcio96,11,444557690 
PaoloDop,4,2165476166 
GabriFerrini,22,544325263 
jiulia84,5,126605886 
fede_mandelli,7,2771091527 
Desy_gym,6,1147449306 
ijodt2,9,627159000 
ClaudioNuzzo93,12,602593340 
matteotilocca,11,290144905 
mhel_a,11,827322655 
heath1576,8,62335565 
21do21,14,1226244493 
ciccicokerino,5,1022123983 
alemabs,13,366085880 
IleSarto,35,486001405 
Sirenettati,37,175458798 
MckerrowsSheila,5,2630446631 
ale_mortari,9,986758398 
ele9326,24,437630409 
Cristina1998R,5,1565606281 
Katia994,14,272846162 
GiovanniCafaro1,11,443986753 
Andreachiarap,11,412323108 
2011_arbey,2,609633757 
sonyarbasi,2,167431612 
EleonoraLarghi,4,389695025 
Eleonor_Ellie8,12,473083818 
Kido_Ziru,14,289588175 
ClaudiaIaremi,17,263771182 
GiacomoniGiulia,7,2984475719 
AriannaDiGiorg3,26,791748240 
FrancescoMater4,14,502877763 
dewi_TFY,10,821392825 
SaraAdrian01,5,939389917 
jpgarro,6,479353264 
Emanuele_Farina,4,1904911304 
dwarvenhero,11,860305976 
giovyzedda,9,1055735623 
DeryFilippo,6,906689126 
AlessioBrigant1,13,1070616841 
samradecol,3,512390329 
gablaing,10,573247352 
nntrovounnome,7,261136897 
mariobrunociani,4,480231948 
MerolaRebecca,2,2623075703 
mariateresabad,19,3073097273 
MasieroLuca_1,8,515810284 
_Frappa,11,442751447 
Alfredinho6,44,340584030 
NicolBonelli,3,372466592 
Al3ssio91,0,387286254 
azzurra_carta,18,732799490 
DCreati,10,564044183 
khaledeisa28,23,915409801 
DipaceNicola,11,2951705913 
vincenzomorett2,3,522541962 
beloy_rina,7,961962878 
CannucciaBlu,7,268320315 
cristinadellara,5,418167774 
alizeemoi,8,71678781 
CepakRoberta,20,2768634525 
FedeleFabrizio,8,451438023 
Patopatrilamas,17,771787590 
federicacaletti,5,364274872 
CinziaF69,5,605564034 
gregotti11,6,1035224498 
SBrlla,8,422578948 
AnnabellStefani,18,264503394 
scaletta93,12,512442629 
doriandtp76,2,811002115 
MarcoSarto11,2,2359153763 
saxo2201,24,1489728414 
RexBravo,3,55591384 
mariamarino4,3,420560213 
Bianconera91,12,294074528 
GiusyRomano1,10,288404502 
elisabalbi93,5,721131185 
Lavi_Meriggioli,28,400308214 
xProfeta97,21,1072108776 
francodamiano2,13,490797357 
cinty_stam,19,472584406 
echrzanowska88,7,434481079 
Tellemey,11,187519191 
MelaniaCalmo,9,414039619 
Edlira17,1,492492641 
Elisaass01,9,251616380 
sardusca,20,720908366 
anne_hobbit,11,2762226712 
zidorabmh,5,238286756 
noeavy,7,201863220 
SilvanaMitrugno,11,424549451 
CinziaFerracin,0,837682776 
Cessnanaho,34,142906934 
GiuliaSerafini1,4,390057651 
ValeLupRobyBaco,4,507589565 
chisstian,9,162846552 
Andreaveter,25,561884165 
TheKing_1995,7,310816109 
erika_22p,3,1265322966 
FrancescaCala1,8,457478870 
CarloBarenzano,10,366833428 
butterflyb369,6,445178692 
robinaples,14,170006083 
tregiornidelcom,34,405078654 
CarmenDeVita,5,561255145 
c_dellis1,6,872321228 
GiorgiaMedeot,12,1262883666 
andreinatiberto,9,520609700 
94Leosacco,9,824912281 
helenion_is,31,1102091316 
PersicoChiara,24,819462716 
canardisp,10,123663049 
PinzgirlPinna,2,876512197 
LauraMontarelli,4,190595351 
djjovimix,150,613094556 
vincent_cortex,5,341516173 
RomanoSarah98,8,1696618657 
Bladek1mma,2,3035327650 
r_ignaciom,12,588036861 
Minimea90,8,204526593 
FabioGenovese11,15,397936630 
andreGKF,15,364246041 
ArgentinoAngelo,8,566285885 
LadySpongy,7,517810444 
SaraSarapilly,7,507673948 
j_calvino,8,365620561 
GiovanniLevant1,5,317894836 
GaiaTesta,4,564931071 
pinopellegrino9,15,561995914 
pal32carbon,37,529276512 
AnitaAmoroso,7,353884693 
angelica94_z,5,554333191 
stuloziofabio,5,433344011 
my_sula,12,120119004 
mariabernaramos,10,2888362300 
Osvwaldo,7,287328890 
KniefM,6,757334246 
ombrettabaldini,22,566485723 
FrancescoB92,17,579842668 
Piscopo9595,7,2267908330 
FrancescoFaccil,18,316372567 
danywardaniele,15,360586011 
pakipe_92,35,88233061 
MariaMariglian2,11,869601829 
giuseppen1991,6,134415348 
ilariabiondi2,11,513740573 
AlfanoEmmanuele,5,330836243 
PakyPagano,15,381477831 
RaffoFg,19,475352371 
FarthingJodie,19,2878531379 
comelli96,5,460361391 
EPreci,2,523567946 
matacenagiusepp,4,531320573 
troccolaXD,0,514868820 
riccardodangel6,4,1090540333 
CamillaDAngelo1,53,359934732 
cinziatrudda,8,438428214 
Marti9_4,19,576583335 
bannemc,4,35464939 
Beppe_pistoia,45,419885952 
francescascarc1,30,494923304 
thevillianous,4,149411279 
DavideTognolo,12,458260825 
rsmith5026,4,930314102 
_Maughi,3,716323256 
ChiaraCharlieGi,5,314794640 
josepo2014,9,2767881700 
GcaliendoGiu,17,1408181365 
BiagioAcciarino,13,620467799 
GioiaCi,12,162428590 
cracracra83,34,445352563 
AriannaBalda,6,526676732 
Giadafrancesch1,17,561056009 
eleonorarizzo93,18,601328435 
GSARURya,9,190617020 
AlexBur14349741,3,747667250 
giuliabarenghi,24,938946541 
MonyBlack1,8,440910993 
mehreenyassar,5,2741833118 
AireanaMccrea,21,3130893177 
Yes88730957,6,496800848 
luigicassano2,5,961907335 
DeborahSalvator,15,429234970 
73Buratti,20,580968489 
NNgubegusha,8,897267356 
thesweetandsexy,14,127636677 
EdgarJDiazB,5,982005506 
Mariarosabombac,15,2535899974 
gallardin1970,40,1236189463 
Federi_kuzza,7,2174540355 
mery_s90,8,443132402 
Cacadevaca365,2,702120182 
dolceserenella,6,217198058 
josealejandr166,20,325286104 
wearehookers,19,2762207499 
Eminrex,13,93669433 
LuanaSanguigni,7,446382114 
Jessiej2492,3,485123232 
feeermix,3,275867271 
daniscia,4,141300385 
DanielePietrobo,9,620447674 
ericksirs,126,301631058 
AlessandroGerbe,1,877874184 
MariaStramagli1,11,1283607138 
ermini_ila,32,472918793 
BeccaMo03367870,2,2460198319 
Paolo_Sr,1,2727065533 
mizzmicol,34,454996103 
mashtkd,5,446151920 
benny_davide,4,859364413 
LoreficePietro,8,1018266372 
Zaffa9high5,3,207180332 
RyanMarler13,489,419261275 
Zicco1985,2,430848951 
mjoyrublicaaclo,26,2245650494 
dixon_brendixon,12,2363119077 
MatteoBolognese,13,402621402 
Mars_Mara,17,391954061 
pepeampm,3,1335212917 
CarlaLuccous,15,614038989 
StefanoAssoni,4,1468261950 
ShiningAlee,4,1128770149 
maninjeans1987,1,302326680 
francescacatal3,16,436997711 
monicaanselmi2,8,1289265139 
anuhamza,1,973265172 
leottini,0,1526228923 
jaysonmercado07,5,2408954617 
plopezcaceres,7,758465155 
vladc97,8,3231128585 
LUApsp,10,202224251 
marti2492,2,2175737669 
OscarDirty_,11,588494546 
FrancescaNava2,0,528514020 
beatrice938,7,29712445 
Kakasioi,51,872713015 
Pietro9219,2,199021464 
BICI_COMPONENTI,5,1566329053 
SPIDERDEFI,0,286266032 
FourWillis,7,1069821716 
princedhiman1,1,326022778 
didac25896,16,569741527 
rhoxzcuevo,24,173041179 
cirorin100,4,546689105 
RobiBelloni,4,902670978 
franciscozum,10,327665968 
GAETANOPENNACCH,8,376105436 
allah_eat_meat,11,297911957 
iaiamazzu,12,28564800 
SaraLizAngeli,11,388484013 
Alberto__Biondi,6,552483899 
DanielaPrencipe,6,442074510 
lucacass99,8,1267043454 
LauraApetrei,4,1129485756 
Costarelli92,1,510721979 
Ayse1203,4,400604413 
catena_r,5,553956084 
GiovanniMatsush,11,953352012 
StefaniaIcaro,9,213296158 
lupajonner,4,2848934079 
claarinhat1t1,0,41868222 
JApolaya,4,342367187 
CalaAngy,8,537210313 
Atif_jadun,64,585847796 
fradv92,21,724835928 
AnarchyAlleyCat,9,43955814 
CarloSimeo,13,360047298 
angeloperrucci,5,306265673 
matthyas910,11,47918469 
fragratt,4,2338414101 
BarbieriEle,38,428425660 
mcgreus,33,253560917 
DennisBelluschi,3,1007054850 
91Dudy,15,442164926 
amisifrank,4,252675302 
GiuseppeBica,17,429866232 
LinaMormile,5,572624388 
kevin637,0,285173426 
honeynieves1,1,1427406204 
kiaarm,10,203143229 
JacomeFM,11,317955429 
arlolupang,13,223704438 
AlindaMifta,0,629163792 
DettoriDolce,0,1194180270 
StevenJerome1,2,352895214 
xXxDarkTigerxXx,17,91655992 
BiagioBalla,7,568183059 
GhambitMarco,0,197421078 
casweetbaby,10,74933203 
ProgramaDialogo,107,169461130 
ingegnerFra,4,1092068394 
salval_76,28,299270077 
gardengadrino,13,1423429502 
Firstsnow1Linda,11,3207770506 
Nisolo,31,106221794 
AriannaCappe,11,485669531 
BiajaMineo,4,3114863968 
paulmanova,25,199165318 
tiziano_1963,5,2987790119 
cristiandp1,7,269768095 
seresalva,12,560003826 
disasteredo,7,444532218 
LentiniMarcella,4,752821182 
sara_netti,0,1198420544 
femioi,9,728915058 
childofbodo,8,57401650 
DanaMarrs1,7,931214419 
lauvanmierlo1,11,862179972 
teresagrandi,5,470295041 
lnar3s,6,2161607648 
edmardferriol,2,427983345 
JJjojoJJ,6,467887643 
Polipetta88,4,890999005 
jatul0327,14,75480619 
RivaGiotto,5,1431358874 
Bigvaldo1,62,2736284120 
IreInchi,21,565815268 
carruzzu97,5,373943386 
Honey9444,5,192285562 
FrankDek17,16,999552116 
Adekanmidauda,2,383215858 
Gearual,10,49930777 
sabrinasavaia,9,544673897 
michele_lew,9,2568185176 
Luvche_11,6,434213216 
FrancescaCoppo1,5,424578206 
AntonelloAV,21,356822874 
JynealFinn,14,495114277 
Giorgia93makeup,20,1483239744 
chantystarz,20,609040016 
AlessandroCerin,47,377999281 
antonio53376793,6,1541096353 
Alessandra1184,6,278038658 
Giuly031071,9,2485502774 
Ailynn87,9,2569729269 
marcy_p92,3,602071618 
EdoBianchi94,23,723930804 
Divinely_Fairy,15,166929676 
ninho24,6,2224021913 
sehl_joan,4,2598896270 
Antocondo,37,279134719 
SilviaDuchini,5,573579023 
wrighter002,6,2571519978 
Bllily,5,133206056 
giacomocristo,10,315921988 
MartaRodini,4,787261392 
naty95amoroso,17,277066321 
_maryread_,19,129867047 
dandy_erlangga,4,563036750 
Claklyra,12,104226502 
BilliMario,14,862287121 
_1188233026801,9,499593046 
alessandradigia,10,97023144 
Jhersson001,2,591556563 
natalieweds,38,150301597 
antonellonegro,9,1074186018 
angeliperfiore,6,1514798418 
Pinkettara,19,253216711 
fraechanel,11,1112308166 
JessicaFio,16,626023737 
liev93,8,2327617980 
DarkDanilo,5,963720144 
amatogiovanni,14,314817427 
alexandramusso,11,1119919892 
saggese_martina,5,2535238679 
Lucaprov89,13,585974142 
matteopomeo,25,322258357 
ChiaraBassignan,12,504781680 
elisabettamaran,10,389538596 
aliceakaBFG,13,1858094917 
noemimaida,3,420364985 
segreto_xx,15,794684390 
ale_de_ago,26,296135263 
DangerousAnna,12,1734730472 
MarcoTairo,9,1025966869 
Alis1104,5,2908204355 
chergia,12,515398756 
MohaSapri,2,2330259450 
salvatoretrotta,6,288665366 
jorgemanqueo,1,323364967 
PowaBonobo,3,457579523 
rebyrestivo,16,330897396 
riccopax,8,110417765 
RafiMoya,6,946044254 
cassandracai,2,560292601 
edgarabdieljaim,7,630606099 
Xhsbzusbbz,10,2579739898 
deby9726,12,543387095 
peppevery,42,1122414158 
ManuelZanoli,4,424345918 
maox86,6,2986998425 
DavidePique93,16,485118695 
DalilaGiampietr,17,333358573 
FraBoff1,9,819460182 
atzei_erika,10,1218826430 
Nick_Napo,7,361227595 
ClemCirla,16,476982227 
DarioMarzia,5,406125405 
giusipassanisi,4,544182665 
ARKangyrock,7,531058845 
qwe91,7,197728312 
generale89,10,1423671744 
marcodespo,30,3104748701 
lorenzofavia,6,2441257033 
giomandello91,8,819933518 
AlmaCifuentes,9,165926883 
anaclarahot1,17,551237105 
renatofierro1,1,353746745 
howdeshell1969,15,282389955 
pamelacabani,18,313520826 
LeonardoToni1,10,1477953487 
jav_40,3,202977411 
bumi800,5,490590298 
daddyfiga,0,105806545 
Fabio_di_tullio,7,490125305 
marialuisaforma,13,455678065 
AntonioPattolo,14,541021973 
bigmoors,5,1022006444 
pasquale_95,6,155504312 
AliceRiLo,16,276151059 
ErosGigante,16,327074388 
LucianoMatteo14,6,1211234450 
MissGreen9,10,514694627 
frankigno88,7,159132895 
SettemafPdL,111,1082118768 
kuppa33,3,361473351 
rafdelfinor,20,548474647 
strawberry_cyrs,8,68521642 
annaritacolella,26,423728056 
EeddJesuscrist,3,558115025 
brunobrutal22,14,630891004 
ilaria03092864,4,2541836279 
Holliver77,8,26720454 
mariama65800150,8,558086058 
lunabolson,10,169214532 
GiuliaFalabella,12,985463635 
MilaBerto,8,270436639 
Giordanvip,8,445383735 
manueladaquino,4,1069099844 
PasqualeCarozza,6,1606183550 
baumacher,1,1403547740 
pcharnaliaa,13,2916455512 
dylonsandlin222,5,571971149 
Malte3Malte,9,1601689568 
rosabarassi,4,463573717 
3Andrew9,14,1083589975 
24Patatina92,1,941456239 
clarissa16891,26,529217888 
SimoneGuerra13,15,504208119 
netterodgers,7,2257025919 
SuraceJ,4,605251595 
NikyBlaise,14,560188453 
heart__bit,8,349587637 
vambiro95,5,290446751 
MVincifori,5,628876205 
enri_cor17,18,253658604 
fernandosurugua,1,615635027 
GanJino90,15,617810669 
Mtigiova,21,820378770 
LonghiAli,15,2238887609 
CarloBigna,1,1020162456 
niccolgirini,16,770252197 
Joe_Exel,8,2696068072 
rRnavy98,12,986761495 
Shahrza53203617,4,1872304094 
Espedito16,1,341118010 
DocMemy,7,439408785 
MichelaRamelli,9,455838588 
DavideVitale97,7,1441345854 
FabioMorselli88,17,495266068 
eckstine_john,15,2716679135 
GennaroLM,22,422789288 
RosaL38,6,415810933 
LayliReyes,20,726988854 
cipi_ale,14,553393694 
xIRicky,9,187163449 
KiaraIncani,3,493115651 
chiaricciola,18,488352053 
CarloAtc,6,2561356778 
brighit_23,7,2193777611 
Darkius_22,6,301673491 
LuceraAlberto,12,1975290458 
giada3011,15,488647325 
DanaTenshi,4,241891786 
ChiaraBucci,15,402040460 
tualiny,13,254077315 
fra_pasqualin,13,173893676 
LauraSforza,11,299662628 
AliceFormai,5,3154263275 
mario_ruggieri,6,606076561 
hieillia,7,162170709 
BilalAhmad_Awan,4,599614638 
MirkoScolaro,11,458457878 
roile89,3,327038764 
Zwibal,4,228672863 
Imaghiik,10,114182067 
WalterGrasso93,11,1204603033 
cherierackey,12,1902304434 
Dead_Returns,9,395271222 
albertodaveiga,62,887289410 
danielinho95,5,170965451 
MCalmarini,22,423719665 
roberta030790,4,256640777 
faisal_16pk,2,2432041858 
Franci2710,5,1577343308 
agadanga,16,158372099 
ferranestilista,8,391655628 
Moniquescri,2,897359101 
salvo_c85,5,2764925333 
GiorgiaKiron,4,561422825 
mattiamarco,1,148333854 
adahak96,10,381636727 
enzaerick,2,124739344 
fonziedrive,10,166632053 
pranayw16,2353,2951526589 
jeremarketer,60968,6446772 
dalyarl,673,79575591 
WilsonKacy,336,38239092 
camsteed,639,131142398 
ahkhns,36,3198885784 
gmurran,1420,772735 
bula19771,234,3097759889 
motossir,101,3171249963 
socialiq_ch,851,2172483625 
MansoorSmsk,9,904945344 
topshelfplay,587,2256662406 
KerryStaniforth,14,19240682 
TarikaG,20,45796125 
dani_damy,431,490568983 
SubhanMabhu,1,3107827436 
kylemlambert,173,271476734 
neutunlabs,1351,2888638353 
Eisforinnovate,431,340011029 
ADCityGolf,677,523151779 
RyersonDMZ,16772,95938864 
Cris_Martinez_F,193,218438230 
Polash94225599,2,3041445572 
Rusfidaluthfi,29,546795028 
sohailuae00,46,2420940783 
ankydyn,770,15721619 
BATCTraining,28,2799664243 
Likeable_Stuart,38510,2889108846 
FaTeReLLa,375,626887080 
sammypatters,691,331223845 
rinkuemran23,1775,2933910932 
ambde,4517,23268337 
JohnMoneypenny,1081,438277353 
Pollotollo,25,2283255500 
terry_bander,10,2919806415 
JessiqaAV,517,142988478 
liana2408,47,196740701 
umat4r634,307,2206855940 
Kashif_rehman,546,251312839 
Rujaj,189,35472861 
abumustapha2,25,520716479 
CoDIRECT_BIZ,47349,2192758383 
ARJafferCGA,490,277836510 
khawlamarouen1,50,2919010388 
csmorleydotcom,73,1024678890 
juliayoung321,217,2646198846 
PerbejSelim,19,935720642 
pusatbhsa,4153,247648418 
rottenwifi,40672,2294240876 
AnnanIhsan,5,2898161971 
DivinaGracia201,227,605930938 
moustafamegahed,151,133862258 
zahirshah280,1299,2792501463 
WiFimesummit,65,2879632273 
CrowdTAssoc,83485,2449447567 
KelliDienhoff,1905,20577268 
AhmedElsabbag10,5,2841893351 
qeqojusodyw,127,2318342546 
MattBeckman_,1624,14141376 
BenBenTseng,53,99830758 
sameerdattu,1076,213787807 
LOGOSWeld1994,254,2258609618 
grupomaximoda,2308,353272712 
AEserver,13704,421182133 
worldofchemical,1657,216661453 
Digital1Market,2,2796781891 
blogdelasfrases,330,2792707184 
TOMSA98,1039,1089057186 
RTBriscoePLC1,974,2556784602 
FKeirsey,376,21033173 
usocialuk,7125,32855235 
NNSmythe,255,256697928 
vigneshraja85,381,33766139 
buburmangobel,448,2237240167 
GirlezStore,28,2431203140 
AlexaColumbus,266,315240315 
Bessy_Christina,46,124060108 
AbbasEraq,6,2752127574 
thatwritingchic,10827,17514730 
jogebauer,142394,14205576 
Gary_Paragon,661,744877963 
SocialTipTrick,1072,2535478598 
SMedia_Info,1103,2535459458 
AllAbout_Social,780,2535455869 
TechWarn,785,2397628100 
MallorieRose,3578,22065346 
JennaL15,4636,24197009 
Duelle_Design,252,2717249785 
DIYMarketers,29105,17005197 
VisionOcularMty,39287,331260742 
a_t_y_mcat08,264,1876102244 
BrewerVASocial,110422,42208855 
SuryaGroup_,135,747022104 
gomaam,4630,16795287 
MamtaVarerkar,223,417061333 
xejomykaves,170,2476444842 
juandiegopolo,9491,58774022 
125_peter,3291,324120193 
MEMMOSDubai,42354,415753384 
WorryFreeMoving,837,145804895 
CharityCalgary,856,441946151 
VictorMadueno,2558,294323371 
adelhammad,1333,162856445 
wetnwildsyd,1266,1607308741 
NextBLACK999,610,398945388 
BasilLaham,808,2474386892 
SMCBahrain,8024,334951067 
mobelmedia,263,2305897970 
HipHmschoolMoms,24219,160646102 
socialbiz_intel,10948,253400265 
CrownoverIPLaw,12,1892611687 
SocialcrewAr,1038,2383025695 
Dreamworld_AU,9931,21625466 
fajfarummer,78,196471663 
SpottedInDubai,298,2385622100 
eduripoll,1327,23130940 
luperomeroa,4158,555115431 
GTONGE1,15079,250764047 
MattNavarra,17679,16211566 
Telemill,38448,8617282 
gertfindel,951,10422512 
AnneSoOJ,533,883035086 
LynnSerafinn,64840,16381764 
alzeen75,448,183826613 
RuthOLaoire,634,279582990 
blurbi_content,8777,1197760315 
YasminMMK,1191,133269385 
taradotai,11103,241967182 
DendritePark,683,16980045 
majorestes,131,17039320 
fazalmarakkar,1885,546334584 
sergio_su,10993,93223002 
joedean3,128,19145910 
Youffrey,955,32662781 
Isa_Almoawda,3338,167268363 
DuncanPlatt,517,5746322 
alyjinnah,1123,21628216 
Habeeboz,1889,264990383 
OlsonCanada,2640,1625431734 
ourvillage1,244,247903080 
RichardThayne,182,326575028 
TheEverNovice,522,205357337 
1sourcesupport,1035,153051105 
Candidio,2172,796277558 
customerss,2000,153654389 
SchmidtHaddadP,286,1901027700 
CraigSuttonSEO,1975,227128305 
beautifull_pl,1559,1590689520 
mattfrasersg,399,165880913 
LubnaSun,591,295536309 
Seedups,4478,172382428 
MatthewCreegan,344,180671881 
wbell1234,53,24227831 
clickflickca,12864,19995471 
KatieEvansIR,1311,27109554 
waelmelsayed1,3,1178803406 
cars_show,895,1169093460 
papadopoulosnet,147754,26740835 
itaih,160,89787687 
AutoSportsArt,99552,545526535 
peopleizer,1373,74428821 
SMIntelligence,149,526807878 
sarahcaseupton,11232,75293353 
SMAnalysis,1102,65663155 
HayleyHilton,669,156947106 
halbadr,379,432618272 
DaneKloos,95,1523453936 
anjalag,312,383924637 
suniltjohn,2390,18753132 
dennisyu,79038,7180132 
_ginderella,625,389425450 
yahyaamecsel,990,170000228 
Abo_terki,996,405510271 
mamin02,49212,509762095 
DigitalBrandBcn,137,1127897947 
joeytamer,14181,19124953 
Mikevans8_,40313,461701169 
BreatheEasy2016,48020,1296422880 
AMT_DUBAI,610,237229254 
CopartME,896,1371668708 
AbuJabr,1283,60163853 
R_whisper,812,555743677 
IOTNQDfilm,177894,23932737 
FahadSiraj,907,95692491 
PapayaMobile,18035,71125180 
Ziemba,2012,15444881 
lunacrehuet,630,201708897 
SukainaA,44,132480086 
cttansill,1051,31198855 
ZakStamborIR,1627,381589287 
3paysmembers,1965,850538179 
hazper,16912,19763086 
sportslabinc,400,119495989 
Cloudbase3,2308,726980774 
marc_smith,9053,12160482 
chrisamarchak,123,630440398 
THUNDERPOOL,1430,19407886 
alexandremattar,52,24934858 
Siegel_Lori,851,9611902 
xtina_an,252,326554154 
maralkalajian,7515,17392609 
lizziekeck,46,29570852 
FindaUKBusiness,4111,99382266 
proMX_CRMexpert,2994,69545600 
alisajid_m,2424,843751734 
cweprin,1294,85426342 
BehaviorMatrix,433,543985212 
Academy_IE,1015,333516125 
shinglytv,1830,578938057 
MediaMetricsGal,2094,19925625 
LindseySanford,2707,14434551 
TrackMaven,10585,885294686 
bryanwillmert,2726,15004245 
SocialMktgFella,89174,390412142 
IEMembership,862,289253409 
HipwoodDigital,695,17088322 
Gnip,73567,16958875 
socialears,21640,338003700 
digistratcoach,4163,581208623 
E_N_TREPRENEUR,8978,417042158 
petermastaclass,27975,134802688 
JyeMurray,493,19003688 
DUBAInation,3086,74632845 
alibaba_aus,6813,260611220 
Evolink4SMEs,280,1327454348 
HaniAlma,391,484259674 
PaperCritics,249,1153308716 
rehamalghamdi3,175,606782364 
StartupsReport,2571,952807446 
SSAT_ME_LI,542,1144223083 
Kalimark,103152,111388917 
HandyMannyDubai,18,969682904 
AalamAltmoor,601,484877964 
iSupportTech,2751,19913118 
MarketMessaging,352,538546503 
NorthDakotaPTC,89040,924083029 
GraphicDesignNY,18528,76257096 
Dmarcoandpolo,589,1202861670 
mathleticsmeast,402,123577652 
LuuiisRamirez,1001,230320200 
siddhanttyagi2,252,629333564 
uaefreezones,527,40407667 
vaugnleo,128458,816012728 
DonavonWood,937,397152873 
socialmediamos,107784,414977064 
mistergav74,474,1153326829 
MoreThanWords10,8633,460644514 
Rebirth_Films,1807,506008875 
NajeraDesign,2567,15323228 
Addictd2Success,649975,17986973 
iAmManab,93310,126551471 
mysimplecircle,98,282780997 
ndigimarketing,26974,26480356 
tweet2u4me,395,712324904 
elmir75,820,16007988 
sugarpinerealty,51657,24204068 
StudentsDigest,55,1158449736 
peoplewerx,2211,37034657 
CatherineDeGeer,2173,22966462 
AmyPorterfield,138946,16934205 
BernardShelly,66014,354759709 
chandapilla,37,1098717530 
azeezk86,62,379568944 
Maher_Dosoqi,1717,18973448 
technospunky,3681,411905122 
rakeshzone,113,78006680 
FixedOpsGenius,611473,65577676 
reames__i_xznCc,92,1045934196 
viewofwater,678,363816073 
rakanism,466,51776401 
al_dhel,246,610583536 
SSATMiddleEast,876,1144343564 
lenoxramsey,4302,35885825 
WestleighPFlynn,1480,778590894 
fmarst,88,44366550 
AquaChildMiami,40694,241157255 
CarChix,2978,111631438 
i_Livingapp,625,609430633 
Weedss_,45,861173580 
expatuae,1431,43866372 
MySOdotCom,707517,65589378 
FredCuellar,612201,31891798 
911well,1092927,355784391 
cuantum56,21258,229284174 
Rod_Phillips,5720,59263461 
42Terabytes,1225,414518408 
Yasmina_Lahlou,347,325606585 
dipaolostefania,1287,478520728 
mikeelliott,15134,15756049 
OfSocialMedia,3030,144231655 
izenme,803,23672859 
Localinfuse,933,552954255 
psdwordpress,43489,76295423 
droso,4032,4026491 
LadyDeesWeb,141,199730990 
NickKellet,150901,5660312 
FuksGrlDragons,307,424755780 
Shawzer,96,21104543 
sekisanchi,17139,121644896 
ConsultRamy,6475,95867028 
aamiraltaf,919,35463572 
j3lte,894,453251902 
afehrenbacher,937,35668872 
kellykampen,4318,11135042 
jrecht,1490,16202842 
lizzaik,592,346459375 
samhefnawy,338,367623451 
AliSABKAR,10644,51409581 
SupremeChi,28,99690445 
UNOUAE,531,589003430 
dialabattery,576,377847353 
Logicks,1102,93846023 
AbbasAlidina,8088,83375830 
hootsuite,7816763,17093617 
